Jsc,Voc,FF,Efficiency,Sr,Sp,Temp,Class
5.43,0.21,34.01,0.39,22.5,52.7,550,5
11.97,0.47,58.01,3.28,14.57,2515.3,700,4
13.43,0.47,62.39,3.95,7.1,2596.76,650,3
10.6,0.41,56.24,2.42,11.11,766.0,550,3
10.76,0.45,56.47,2.75,16.36,2552.06,700,4
9.15,0.4,53.81,1.97,8.84,665.14,500,2
12.96,0.44,59.66,3.4,7.53,1582.25,600,3
10.24,0.4,53.67,2.2,12.84,697.65,550,3
6.24,0.1,27.54,0.17,12.46,4.62,450,4
14.63,0.51,69.54,5.23,3.66,12545.02,550,1
14.3,0.57,78.58,6.4,2.64,66796.54,600,1
12.37,0.49,67.38,4.09,5.96,3204.88,650,4
10.81,0.28,40.37,1.22,10.85,74.12,450,3
13.56,0.48,53.46,3.48,5.34,190.03,500,1
13.83,0.51,70.48,5.0,5.57,7309.23,550,2
6.29,0.22,36.25,0.49,19.43,87.58,500,5
14.66,0.51,45.25,3.38,31.27,2926.67,450,1
5.87,0.22,39.82,0.52,18.63,149.96,500,5
14.89,0.57,73.72,6.24,5.44,635832.7,650,1
5.29,0.34,55.55,1.0,11.9,637.28,550,4
14.98,0.55,65.97,5.41,4.81,8152.23,650,1
10.25,0.45,54.58,2.5,18.25,1966.84,700,4
13.08,0.43,55.2,3.08,8.52,1276.39,600,3
8.49,0.37,56.92,1.81,10.16,661.33,500,3
13.87,0.48,64.13,4.29,6.51,3238.56,650,3
13.59,0.51,70.42,4.88,5.19,6021.88,550,2
22.44,0.45,42.66,4.27,7.97,43.73,700,3
5.41,0.2,38.88,0.42,15.49,76.25,550,4
5.61,214.45,43.29,0.52,15.54,201.9,550,5
16.94,0.3,25.3,1.28,17.06,0.92,450,1
1.13,0.01,22.54,0.0,13.19,0.02,450,4
13.59,0.48,60.14,3.95,6.29,4001.04,550,2
13.78,0.52,69.1,4.97,3.02,1758.23,600,1
12.77,0.45,63.58,3.64,5.31,1878.89,650,3
13.57,0.51,71.51,4.92,3.94,5373.08,550,2
7.43,0.15,40.43,0.45,8.17,55.31,500,2
13.19,0.43,57.23,3.23,7.38,1402.14,600,3
14.33,0.54,75.79,5.91,4.09,77860.21,700,2
5.82,0.08,25.13,0.12,13.45,0.18,450,2
6.82,0.13,33.33,0.29,10.96,21.7,500,2
11.51,0.28,44.53,1.41,7.35,106.44,450,3
5.16,0.32,47.49,0.78,21.36,506.53,550,4
11.79,0.46,59.45,3.26,11.01,2669.23,700,3
13.94,0.52,72.7,5.26,4.57,8460.22,550,2
14.52,0.45,59.65,3.87,6.47,9716.24,450,1
12.98,0.43,39.48,2.19,9.13,74.67,650,4
13.13,0.52,71.92,4.9,5.28,7083.52,700,2
13.72,0.48,63.95,4.21,6.5,3086.54,650,3
12.63,0.5,68.04,4.28,12.12,3488.8,500,2
6.39,0.15,31.53,0.3,14.82,21.41,450,4
10.56,0.4,56.09,2.37,10.8,721.43,550,3
14.32,0.55,75.76,6.0,2.87,17605.99,600,1
5.61,0.21,41.14,0.49,17.2,165.88,550,5
12.94,0.44,59.19,3.39,7.65,1691.95,600,3
10.77,0.28,48.31,1.43,6.28,158.69,450,3
5.62,0.22,43.44,0.53,15.41,204.0,550,5
14.36,0.57,78.34,6.41,2.72,104744.9,600,1
10.66,0.28,36.04,1.07,16.24,56.14,450,3
13.17,0.44,60.87,3.54,6.69,1762.5,600,3
5.1,0.22,33.13,0.36,27.08,59.71,500,5
10.85,0.28,42.83,1.29,8.81,91.59,450,3
13.04,0.43,57.38,3.21,7.49,1372.89,600,3
6.05,0.13,26.13,0.21,20.31,3.8,450,2
13.77,0.48,67.14,4.39,4.5,6129.2,500,1
14.49,0.57,78.71,6.55,2.52,42574.2,600,1
14.0,0.51,65.49,4.69,4.61,4089.75,500,1
10.4,0.28,33.29,0.97,21.22,42.37,450,3
6.86,0.27,32.87,0.61,20.27,43.58,500,4
7.09,0.15,38.52,0.4,9.4,47.47,500,2
13.13,0.52,71.92,4.9,5.28,7083.52,450,5
14.99,0.57,72.9,6.21,3.95,28829.6,650,1
10.71,0.19,33.44,0.66,9.7,19.37,450,3
13.67,0.52,76.35,5.46,3.28,9004.15,450,5
14.78,0.52,69.0,5.25,3.69,60393.21,550,1
4.63,0.11,32.9,0.16,13.33,21.44,500,4
12.68,0.5,56.15,3.58,7.36,189.2,600,2
4.85,0.31,52.42,0.79,17.6,563.26,500,4
12.04,0.47,60.58,3.43,10.05,2590.3,700,3
14.58,0.54,48.6,3.81,25.12,8838.81,450,1
13.12,0.44,60.08,3.47,7.35,1754.22,600,3
13.4,0.48,64.94,4.16,6.24,3183.02,650,3
12.61,0.5,70.18,4.41,8.11,3689.16,500,2
13.8,0.54,75.41,5.65,3.64,10962.68,600,2
14.09,0.38,48.39,2.61,6.84,140.98,550,1
13.68,0.55,76.84,5.76,3.95,36090.37,600,2
14.42,0.46,67.46,4.45,3.52,5925.49,550,1
10.99,0.41,54.65,2.45,12.53,759.68,550,3
10.5,0.4,56.55,2.39,10.51,719.17,550,3
14.67,0.49,67.91,4.85,3.79,49536.2,550,1
14.54,0.57,78.11,6.46,2.79,3248948.0,500,1
10.51,0.44,61.34,2.86,10.02,1247.46,600,4
13.47,0.48,64.84,4.18,6.2,2983.74,650,3
14.97,0.57,70.96,6.01,4.57,60764.11,650,1
11.77,0.46,59.72,3.25,10.1,2448.28,700,3
11.76,0.47,57.51,3.19,15.77,3224.08,700,4
14.14,0.55,71.02,5.52,5.1,14534.73,450,5
12.13,0.47,60.41,3.47,10.66,3085.31,700,3
14.26,0.54,50.12,3.83,24.08,7801.2,450,1
10.62,0.25,39.18,1.04,9.41,57.29,450,3
6.07,0.16,26.69,0.26,23.1,7.02,450,2
1.02,0.07,24.48,0.02,67.47,-2.97,450,4
14.14,0.55,71.02,5.52,5.1,14534.73,700,2
14.02,0.53,76.12,5.7,3.76,18075.18,450,5
13.09,0.38,26.64,1.33,24.77,7.36,700,1
5.95,0.22,39.82,0.52,18.26,146.3,500,5
10.44,0.45,59.88,2.81,10.18,1911.77,700,3
10.84,0.45,60.16,2.93,11.73,1235.25,600,4
13.82,0.48,64.18,4.3,6.67,3312.75,650,3
10.37,0.27,48.98,1.39,6.25,180.68,450,3
12.42,0.49,68.25,4.18,11.78,3185.22,500,2
11.75,0.48,66.3,3.7,6.28,2980.76,650,4
11.29,0.46,57.13,2.97,16.58,1462.58,600,4
12.03,0.51,71.29,4.4,3.5,4335.99,700,1
14.33,0.54,75.79,5.91,4.09,77860.21,450,5
12.41,0.49,67.64,4.13,6.1,2272.78,650,4
10.85,0.28,41.53,1.27,9.71,77.61,450,3
8.5,0.37,57.64,1.84,9.43,643.58,500,3
6.22,0.14,31.08,0.27,14.51,18.55,450,4
14.92,0.55,70.26,5.8,4.14,15938.88,650,1
14.75,0.57,74.29,6.2,4.17,12532.03,700,2
8.41,0.37,57.94,1.79,8.48,542.26,500,3
5.33,0.35,59.25,1.11,10.77,796.96,550,4
5.1,223.73,38.79,0.44,21.46,131.41,600,5
13.67,0.52,76.35,5.46,3.28,9004.15,700,2
14.89,0.38,55.77,3.2,6.28,2922.32,650,1
6.16,0.22,38.31,0.52,18.64,121.52,500,5
5.0,0.31,53.58,0.84,16.13,575.41,500,4
0.86,0.07,24.98,0.01,75.17,0.63,450,4
6.98,0.07,24.85,0.12,9.61,0.49,450,2
0.63,0.01,0.0,0.0,10.07,-0.05,450,4
4.94,0.23,44.47,0.51,18.15,277.65,600,5
13.88,0.54,53.88,4.06,26.62,4195.96,600,1
6.07,0.11,28.85,0.19,13.16,8.59,450,4
11.65,0.46,61.24,3.31,9.12,2454.54,700,3
12.31,0.49,68.99,4.15,6.08,4229.91,650,4
10.75,0.4,51.74,2.23,13.65,533.54,550,3
0.8,0.06,24.2,0.01,84.54,-7.1,450,4
14.2,0.45,66.78,4.24,3.63,4131.67,550,1
5.56,0.21,40.83,0.47,21.23,126.2,550,5
10.23,0.28,49.6,1.43,8.54,552.07,600,2
13.15,0.46,62.97,3.79,5.54,2220.54,650,3
14.61,0.49,67.92,4.85,3.9,21310.39,550,1
6.46,0.21,35.35,0.48,19.44,74.16,500,5
11.4,0.25,38.53,1.09,8.92,45.23,450,3
1.1,0.07,24.13,0.02,66.23,-3.96,450,4
12.54,0.43,58.07,3.14,5.03,858.65,500,1
14.72,0.56,76.48,6.34,3.22,31409.97,700,2
14.54,0.56,76.07,6.23,3.03,31612.66,500,1
6.91,0.13,25.48,0.23,17.65,1.55,450,2
9.13,0.44,55.18,2.19,17.32,831.57,700,4
13.66,0.52,71.31,5.05,5.71,8872.11,550,2
12.06,0.48,68.53,4.0,6.22,4056.18,650,4
5.14,0.29,43.86,0.65,26.52,279.09,550,4
13.74,0.51,73.55,5.2,3.82,8118.63,550,2
4.73,0.23,36.43,0.39,25.54,101.81,600,5
10.31,0.4,53.59,2.23,13.22,714.49,550,3
6.04,0.22,39.08,0.52,18.35,133.47,500,5
5.42,0.02,24.95,0.03,4.31,-0.04,500,4
6.04,0.19,28.34,0.33,24.92,17.79,450,2
8.74,0.38,57.71,1.9,9.25,650.02,500,3
11.7,0.46,57.23,3.06,13.2,2367.56,700,4
13.16,0.2,39.07,1.05,7.61,43.01,700,1
5.97,0.41,54.04,1.33,12.11,525.57,450,2
